{
	"IcoMoonType": "selection",
	"icons": [
		{
			"icon": {
				"paths": [
					"M896 256v-128h-896v704c0 35.346 28.654 64 64 64h864c53.022 0 96-42.978 96-96v-544h-128zM832 832h-768v-640h768v640zM128 320h640v64h-640zM512 448h256v64h-256zM512 576h256v64h-256zM512 704h192v64h-192zM128 448h320v320h-320z"
				],
				"attrs": [],
				"tags": [
					"newspaper",
					"news",
					"paper"
				],
				"grid": 16
			},
			"attrs": [],
			"properties": {
				"order": 17,
				"id": 1624,
				"prevSize": 32,
				"ligatures": "newspaper, news",
				"name": "newspaper",
				"code": 58884
			},
			"setIdx": 0,
			"setId": 0,
			"iconIdx": 4
		},
		{
			"icon": {
				"paths": [
					"M959.884 128c0.040 0.034 0.082 0.076 0.116 0.116v767.77c-0.034 0.040-0.076 0.082-0.116 0.116h-895.77c-0.040-0.034-0.082-0.076-0.114-0.116v-767.772c0.034-0.040 0.076-0.082 0.114-0.114h895.77zM960 64h-896c-35.2 0-64 28.8-64 64v768c0 35.2 28.8 64 64 64h896c35.2 0 64-28.8 64-64v-768c0-35.2-28.8-64-64-64v0z",
					"M832 288c0 53.020-42.98 96-96 96s-96-42.98-96-96 42.98-96 96-96 96 42.98 96 96z",
					"M896 832h-768v-128l224-384 256 320h64l224-192z"
				],
				"attrs": [],
				"tags": [
					"image",
					"picture",
					"photo",
					"graphic"
				],
				"grid": 16
			},
			"attrs": [],
			"properties": {
				"order": 21,
				"id": 1589,
				"prevSize": 32,
				"ligatures": "image, picture",
				"name": "image",
				"code": 58893
			},
			"setIdx": 0,
			"setId": 0,
			"iconIdx": 13
		},
		{
			"icon": {
				"paths": [
					"M1088 128h-64v-64c0-35.2-28.8-64-64-64h-896c-35.2 0-64 28.8-64 64v768c0 35.2 28.8 64 64 64h64v64c0 35.2 28.8 64 64 64h896c35.2 0 64-28.8 64-64v-768c0-35.2-28.8-64-64-64zM128 192v640h-63.886c-0.040-0.034-0.082-0.076-0.114-0.116v-767.77c0.034-0.040 0.076-0.082 0.114-0.114h895.77c0.040 0.034 0.082 0.076 0.116 0.116v63.884h-768c-35.2 0-64 28.8-64 64v0zM1088 959.884c-0.034 0.040-0.076 0.082-0.116 0.116h-895.77c-0.040-0.034-0.082-0.076-0.114-0.116v-767.77c0.034-0.040 0.076-0.082 0.114-0.114h895.77c0.040 0.034 0.082 0.076 0.116 0.116v767.768z",
					"M960 352c0 53.020-42.98 96-96 96s-96-42.98-96-96 42.98-96 96-96 96 42.98 96 96z",
					"M1024 896h-768v-128l224-384 256 320h64l224-192z"
				],
				"width": 1152,
				"attrs": [],
				"tags": [
					"images",
					"pictures",
					"photos",
					"graphics"
				],
				"grid": 16
			},
			"attrs": [],
			"properties": {
				"id": 96,
				"order": 20,
				"prevSize": 32,
				"ligatures": "images, pictures",
				"name": "images",
				"code": 58894
			},
			"setIdx": 0,
			"setId": 0,
			"iconIdx": 14
		},
		{
			"icon": {
				"paths": [
					"M981.188 160.108c-143.632-20.65-302.332-32.108-469.186-32.108-166.86 0-325.556 11.458-469.194 32.108-27.53 107.726-42.808 226.75-42.808 351.892 0 125.14 15.278 244.166 42.808 351.89 143.638 20.652 302.336 32.11 469.194 32.11 166.854 0 325.552-11.458 469.186-32.11 27.532-107.724 42.812-226.75 42.812-351.89 0-125.142-15.28-244.166-42.812-351.892zM384.002 704v-384l320 192-320 192z"
				],
				"attrs": [],
				"tags": [
					"play",
					"video",
					"movie"
				],
				"grid": 16
			},
			"attrs": [],
			"properties": {
				"id": 120,
				"order": 15,
				"prevSize": 32,
				"ligatures": "play, video",
				"name": "play",
				"code": 58898
			},
			"setIdx": 0,
			"setId": 0,
			"iconIdx": 18
		},
		{
			"icon": {
				"paths": [
					"M0 128v768h1024v-768h-1024zM192 832h-128v-128h128v128zM192 576h-128v-128h128v128zM192 320h-128v-128h128v128zM768 832h-512v-640h512v640zM960 832h-128v-128h128v128zM960 576h-128v-128h128v128zM960 320h-128v-128h128v128zM384 320v384l256-192z"
				],
				"attrs": [],
				"tags": [
					"film",
					"video",
					"movie",
					"tape",
					"play"
				],
				"grid": 16
			},
			"attrs": [],
			"properties": {
				"id": 128,
				"order": 16,
				"prevSize": 32,
				"ligatures": "film, video2",
				"name": "film",
				"code": 58899
			},
			"setIdx": 0,
			"setId": 0,
			"iconIdx": 19
		},
		{
			"icon": {
				"paths": [
					"M864 0h-768c-52.8 0-96 43.2-96 96v832c0 52.8 43.2 96 96 96h768c52.8 0 96-43.2 96-96v-832c0-52.8-43.2-96-96-96zM832 896h-704v-768h704v768zM256 448h448v64h-448zM256 576h448v64h-448zM256 704h448v64h-448zM256 320h448v64h-448z"
				],
				"attrs": [],
				"tags": [
					"file-text",
					"file",
					"document",
					"list",
					"paper"
				],
				"grid": 16
			},
			"attrs": [],
			"properties": {
				"id": 177,
				"order": 19,
				"prevSize": 32,
				"ligatures": "file-text, file",
				"name": "file-text",
				"code": 58914
			},
			"setIdx": 0,
			"setId": 0,
			"iconIdx": 34
		},
		{
			"icon": {
				"paths": [
					"M864 0h-768c-52.8 0-96 43.2-96 96v832c0 52.8 43.2 96 96 96h768c52.8 0 96-43.2 96-96v-832c0-52.8-43.2-96-96-96zM832 896h-704v-768h704v768zM256 576h448v64h-448zM256 704h448v64h-448zM320 288c0-53.019 42.981-96 96-96s96 42.981 96 96c0 53.019-42.981 96-96 96s-96-42.981-96-96zM480 384h-128c-52.8 0-96 28.8-96 64v64h320v-64c0-35.2-43.2-64-96-64z"
				],
				"attrs": [],
				"tags": [
					"profile",
					"file",
					"document",
					"page",
					"user",
					"paper"
				],
				"grid": 16
			},
			"attrs": [],
			"properties": {
				"id": 178,
				"order": 18,
				"prevSize": 32,
				"ligatures": "profile, file2",
				"name": "profile",
				"code": 58915
			},
			"setIdx": 0,
			"setId": 0,
			"iconIdx": 35
		},
		{
			"icon": {
				"paths": [
					"M512 64c282.77 0 512 186.25 512 416 0 229.752-229.23 416-512 416-27.156 0-53.81-1.734-79.824-5.044-109.978 109.978-241.25 129.7-368.176 132.596v-26.916c68.536-33.578 128-94.74 128-164.636 0-9.754-0.758-19.33-2.164-28.696-115.796-76.264-189.836-192.754-189.836-323.304 0-229.75 229.23-416 512-416z"
				],
				"attrs": [],
				"tags": [
					"bubble",
					"comment",
					"chat",
					"talk"
				],
				"grid": 16
			},
			"attrs": [],
			"properties": {
				"id": 422,
				"order": 12,
				"prevSize": 32,
				"ligatures": "bubble, comment",
				"name": "bubble",
				"code": 58987
			},
			"setIdx": 0,
			"setId": 0,
			"iconIdx": 107
		},
		{
			"icon": {
				"paths": [
					"M1088 901.166c0 45.5 26.028 84.908 64 104.184v15.938c-10.626 1.454-21.472 2.224-32.5 2.224-68.008 0-129.348-28.528-172.722-74.264-26.222 6.982-54.002 10.752-82.778 10.752-159.058 0-288-114.616-288-256s128.942-256 288-256c159.058 0 288 114.616 288 256 0 55.348-19.764 106.592-53.356 148.466-6.824 14.824-10.644 31.312-10.644 48.7zM512 0c278.458 0 504.992 180.614 511.836 405.52-49.182-21.92-103.586-33.52-159.836-33.52-95.56 0-185.816 33.446-254.138 94.178-70.846 62.972-109.862 147.434-109.862 237.822 0 44.672 9.544 87.888 27.736 127.788-5.228 0.126-10.468 0.212-15.736 0.212-27.156 0-53.81-1.734-79.824-5.044-109.978 109.978-241.25 129.7-368.176 132.596v-26.916c68.536-33.578 128-94.74 128-164.636 0-9.754-0.758-19.33-2.164-28.696-115.796-76.264-189.836-192.754-189.836-323.304 0-229.75 229.23-416 512-416z"
				],
				"width": 1152,
				"attrs": [],
				"tags": [
					"bubbles",
					"comments",
					"chat",
					"talk"
				],
				"grid": 16
			},
			"attrs": [],
			"properties": {
				"id": 423,
				"order": 1,
				"prevSize": 32,
				"ligatures": "bubbles, comments",
				"name": "bubbles",
				"code": 58988
			},
			"setIdx": 0,
			"setId": 0,
			"iconIdx": 108
		},
		{
			"icon": {
				"paths": [
					"M480 0v0c265.096 0 480 173.914 480 388.448s-214.904 388.448-480 388.448c-25.458 0-50.446-1.62-74.834-4.71-103.106 102.694-222.172 121.108-341.166 123.814v-25.134c64.252-31.354 116-88.466 116-153.734 0-9.106-0.712-18.048-2.030-26.794-108.558-71.214-177.97-179.988-177.97-301.89 0-214.534 214.904-388.448 480-388.448zM996 870.686c0 55.942 36.314 104.898 92 131.772v21.542c-103.126-2.318-197.786-18.102-287.142-106.126-21.14 2.65-42.794 4.040-64.858 4.040-95.47 0-183.408-25.758-253.614-69.040 144.674-0.506 281.26-46.854 384.834-130.672 52.208-42.252 93.394-91.826 122.414-147.348 30.766-58.866 46.366-121.582 46.366-186.406 0-10.448-0.45-20.836-1.258-31.168 72.57 59.934 117.258 141.622 117.258 231.676 0 104.488-60.158 197.722-154.24 258.764-1.142 7.496-1.76 15.16-1.76 22.966z"
				],
				"width": 1152,
				"attrs": [],
				"tags": [
					"bubbles",
					"comments",
					"chat",
					"talk"
				],
				"grid": 16
			},
			"attrs": [],
			"properties": {
				"id": 424,
				"order": 2,
				"prevSize": 32,
				"ligatures": "bubbles2, comments2",
				"name": "bubbles2",
				"code": 58989
			},
			"setIdx": 0,
			"setId": 0,
			"iconIdx": 109
		},
		{
			"icon": {
				"paths": [
					"M512 192c-54.932 0-107.988 8.662-157.694 25.742-46.712 16.054-88.306 38.744-123.628 67.444-66.214 53.798-102.678 122.984-102.678 194.814 0 40.298 11.188 79.378 33.252 116.152 22.752 37.92 56.982 72.586 98.988 100.252 30.356 19.992 50.78 51.948 56.176 87.894 1.8 11.984 2.928 24.088 3.37 36.124 7.47-6.194 14.75-12.846 21.88-19.976 24.154-24.152 56.78-37.49 90.502-37.49 5.368 0 10.762 0.336 16.156 1.024 20.974 2.666 42.398 4.020 63.676 4.020 54.934 0 107.988-8.66 157.694-25.742 46.712-16.054 88.306-38.744 123.628-67.444 66.214-53.796 102.678-122.984 102.678-194.814s-36.464-141.016-102.678-194.814c-35.322-28.698-76.916-51.39-123.628-67.444-49.706-17.080-102.76-25.742-157.694-25.742zM512 64v0c282.77 0 512 186.25 512 416 0 229.752-229.23 416-512 416-27.156 0-53.81-1.734-79.824-5.044-109.978 109.978-241.25 129.7-368.176 132.596v-26.916c68.536-33.578 128-94.74 128-164.636 0-9.754-0.758-19.33-2.164-28.696-115.796-76.264-189.836-192.754-189.836-323.304 0-229.75 229.23-416 512-416z"
				],
				"attrs": [],
				"tags": [
					"bubble",
					"comment",
					"chat",
					"talk"
				],
				"grid": 16
			},
			"attrs": [],
			"properties": {
				"id": 425,
				"order": 3,
				"prevSize": 32,
				"ligatures": "bubble2, comment2",
				"name": "bubble2",
				"code": 58990
			},
			"setIdx": 0,
			"setId": 0,
			"iconIdx": 110
		},
		{
			"icon": {
				"paths": [
					"M1088 901.166c0 45.5 26.028 84.908 64 104.184v15.938c-10.626 1.454-21.472 2.224-32.5 2.224-68.008 0-129.348-28.528-172.722-74.264-26.222 6.982-54.002 10.752-82.778 10.752-159.058 0-288-114.616-288-256s128.942-256 288-256c159.058 0 288 114.616 288 256 0 55.348-19.764 106.592-53.356 148.466-6.824 14.824-10.644 31.312-10.644 48.7zM230.678 221.186c-66.214 53.798-102.678 122.984-102.678 194.814 0 40.298 11.188 79.378 33.252 116.15 22.752 37.92 56.982 72.586 98.988 100.252 30.356 19.992 50.78 51.948 56.176 87.894 1.8 11.984 2.928 24.088 3.37 36.124 7.47-6.194 14.75-12.846 21.88-19.976 24.154-24.152 56.78-37.49 90.502-37.49 5.368 0 10.762 0.336 16.156 1.024 20.948 2.662 42.344 4.016 63.594 4.020v128c-27.128-0.002-53.754-1.738-79.742-5.042-109.978 109.978-241.25 129.7-368.176 132.596v-26.916c68.536-33.578 128-94.74 128-164.636 0-9.754-0.758-19.33-2.164-28.696-115.796-76.264-189.836-192.754-189.836-323.304 0-229.75 229.23-416 512-416 278.458 0 504.992 180.614 511.836 405.52-41.096-18.316-85.84-29.422-132.262-32.578-11.53-56.068-45.402-108.816-98.252-151.756-35.322-28.698-76.916-51.39-123.628-67.444-49.706-17.080-102.76-25.742-157.694-25.742-54.932 0-107.988 8.662-157.694 25.742-46.712 16.054-88.306 38.744-123.628 67.444z"
				],
				"width": 1152,
				"attrs": [],
				"tags": [
					"bubbles",
					"comments",
					"chat",
					"talk"
				],
				"grid": 16
			},
			"attrs": [],
			"properties": {
				"id": 426,
				"order": 4,
				"prevSize": 32,
				"ligatures": "bubbles3, comments3",
				"name": "bubbles3",
				"code": 58991
			},
			"setIdx": 0,
			"setId": 0,
			"iconIdx": 111
		},
		{
			"icon": {
				"paths": [
					"M480 128c-50.666 0-99.582 7.95-145.386 23.628-42.924 14.694-81.114 35.436-113.502 61.646-60.044 48.59-93.112 110.802-93.112 175.174 0 35.99 10.066 70.948 29.92 103.898 20.686 34.34 51.898 65.794 90.26 90.958 30.44 19.968 50.936 51.952 56.362 87.95 0.902 5.99 1.63 12.006 2.18 18.032 2.722-2.52 5.424-5.114 8.114-7.794 24.138-24.040 56.688-37.312 90.322-37.312 5.348 0 10.718 0.336 16.094 1.018 19.36 2.452 39.124 3.696 58.748 3.696 50.666 0 99.58-7.948 145.384-23.628 42.926-14.692 81.116-35.434 113.504-61.644 60.046-48.59 93.112-110.802 93.112-175.174s-33.066-126.582-93.112-175.174c-32.388-26.212-70.578-46.952-113.504-61.646-45.804-15.678-94.718-23.628-145.384-23.628zM480 0v0c265.096 0 480 173.914 480 388.448s-214.904 388.448-480 388.448c-25.458 0-50.446-1.62-74.834-4.71-103.106 102.694-222.172 121.108-341.166 123.814v-25.134c64.252-31.354 116-88.466 116-153.734 0-9.106-0.712-18.048-2.030-26.794-108.558-71.214-177.97-179.988-177.97-301.89 0-214.534 214.904-388.448 480-388.448zM996 870.686c0 55.942 36.314 104.898 92 131.772v21.542c-103.126-2.318-197.786-18.102-287.142-106.126-21.14 2.65-42.794 4.040-64.858 4.040-95.47 0-183.408-25.758-253.614-69.040 144.674-0.506 281.26-46.854 384.834-130.672 52.208-42.252 93.394-91.826 122.414-147.348 30.766-58.866 46.366-121.582 46.366-186.406 0-10.448-0.45-20.836-1.258-31.168 72.57 59.934 117.258 141.622 117.258 231.676 0 104.488-60.158 197.722-154.24 258.764-1.142 7.496-1.76 15.16-1.76 22.966z"
				],
				"width": 1152,
				"attrs": [],
				"tags": [
					"bubbles",
					"comments",
					"chat",
					"talk"
				],
				"grid": 16
			},
			"attrs": [],
			"properties": {
				"id": 427,
				"order": 5,
				"prevSize": 32,
				"ligatures": "bubbles4, comments4",
				"name": "bubbles4",
				"code": 58992
			},
			"setIdx": 0,
			"setId": 0,
			"iconIdx": 112
		},
		{
			"icon": {
				"paths": [
					"M576 706.612v-52.78c70.498-39.728 128-138.772 128-237.832 0-159.058 0-288-192-288s-192 128.942-192 288c0 99.060 57.502 198.104 128 237.832v52.78c-217.102 17.748-384 124.42-384 253.388h896c0-128.968-166.898-235.64-384-253.388z"
				],
				"attrs": [],
				"tags": [
					"user",
					"profile",
					"avatar",
					"person",
					"member"
				],
				"grid": 16
			},
			"attrs": [],
			"properties": {
				"order": 6,
				"id": 1628,
				"prevSize": 32,
				"ligatures": "user, profile2",
				"name": "user",
				"code": 58993
			},
			"setIdx": 0,
			"setId": 0,
			"iconIdx": 113
		},
		{
			"icon": {
				"paths": [
					"M768 770.612v-52.78c70.498-39.728 128-138.772 128-237.832 0-159.058 0-288-192-288s-192 128.942-192 288c0 99.060 57.502 198.104 128 237.832v52.78c-217.102 17.748-384 124.42-384 253.388h896c0-128.968-166.898-235.64-384-253.388z",
					"M327.196 795.328c55.31-36.15 124.080-63.636 199.788-80.414-15.054-17.784-28.708-37.622-40.492-59.020-30.414-55.234-46.492-116.058-46.492-175.894 0-86.042 0-167.31 30.6-233.762 29.706-64.504 83.128-104.496 159.222-119.488-16.914-76.48-61.94-126.75-181.822-126.75-192 0-192 128.942-192 288 0 99.060 57.502 198.104 128 237.832v52.78c-217.102 17.748-384 124.42-384 253.388h279.006c14.518-12.91 30.596-25.172 48.19-36.672z"
				],
				"width": 1152,
				"attrs": [],
				"tags": [
					"users",
					"group",
					"team",
					"members",
					"community",
					"collaborate"
				],
				"grid": 16
			},
			"attrs": [],
			"properties": {
				"id": 476,
				"order": 7,
				"prevSize": 32,
				"ligatures": "users, group",
				"name": "users",
				"code": 58994
			},
			"setIdx": 0,
			"setId": 0,
			"iconIdx": 114
		},
		{
			"icon": {
				"paths": [
					"M384 736c0-151.234 95.874-280.486 230.032-330.2 16.28-36.538 25.968-77.164 25.968-117.8 0-159.058 0-288-192-288s-192 128.942-192 288c0 99.060 57.502 198.104 128 237.832v52.78c-217.102 17.748-384 124.42-384 253.388h397.306c-8.664-30.53-13.306-62.732-13.306-96z",
					"M736 448c-159.058 0-288 128.942-288 288s128.942 288 288 288c159.056 0 288-128.942 288-288s-128.942-288-288-288zM896 768h-128v128h-64v-128h-128v-64h128v-128h64v128h128v64z"
				],
				"width": 1024,
				"attrs": [],
				"tags": [
					"user-plus",
					"user",
					"user-add",
					"profile",
					"avatar",
					"person",
					"member"
				],
				"grid": 16
			},
			"attrs": [],
			"properties": {
				"id": 478,
				"order": 8,
				"prevSize": 32,
				"ligatures": "user-plus, user2",
				"name": "user-plus",
				"code": 58995
			},
			"setIdx": 0,
			"setId": 0,
			"iconIdx": 115
		},
		{
			"icon": {
				"paths": [
					"M384 736c0-151.234 95.874-280.486 230.032-330.2 16.28-36.538 25.968-77.164 25.968-117.8 0-159.058 0-288-192-288s-192 128.942-192 288c0 99.060 57.502 198.104 128 237.832v52.78c-217.102 17.748-384 124.42-384 253.388h397.306c-8.664-30.53-13.306-62.732-13.306-96z",
					"M736 448c-159.058 0-288 128.942-288 288s128.942 288 288 288c159.056 0 288-128.942 288-288s-128.942-288-288-288zM896 768h-320v-64h320v64z"
				],
				"width": 1024,
				"attrs": [],
				"tags": [
					"user-minus",
					"user",
					"user-remove",
					"profile",
					"avatar",
					"person",
					"member"
				],
				"grid": 16
			},
			"attrs": [],
			"properties": {
				"id": 480,
				"order": 9,
				"prevSize": 32,
				"ligatures": "user-minus, user3",
				"name": "user-minus",
				"code": 58996
			},
			"setIdx": 0,
			"setId": 0,
			"iconIdx": 116
		},
		{
			"icon": {
				"paths": [
					"M960 608l-288 288-96-96-64 64 160 160 352-352z",
					"M448 768h320v-115.128c-67.22-39.2-156.308-66.11-256-74.26v-52.78c70.498-39.728 128-138.772 128-237.832 0-159.058 0-288-192-288s-192 128.942-192 288c0 99.060 57.502 198.104 128 237.832v52.78c-217.102 17.748-384 124.42-384 253.388h448v-64z"
				],
				"width": 1024,
				"attrs": [],
				"tags": [
					"user-check",
					"user",
					"user-tick",
					"profile",
					"avatar",
					"person",
					"member"
				],
				"grid": 16
			},
			"attrs": [],
			"properties": {
				"order": 10,
				"id": 1494,
				"prevSize": 32,
				"ligatures": "user-check, user4",
				"name": "user-check",
				"code": 58997
			},
			"setIdx": 0,
			"setId": 0,
			"iconIdx": 117
		},
		{
			"icon": {
				"paths": [
					"M320 192c0-106.039 85.961-192 192-192s192 85.961 192 192c0 106.039-85.961 192-192 192s-192-85.961-192-192zM768.078 448h-35.424l-199.104 404.244 74.45-372.244-96-96-96 96 74.45 372.244-199.102-404.244h-35.424c-127.924 0-127.924 85.986-127.924 192v320h768v-320c0-106.014 0-192-127.922-192z"
				],
				"attrs": [],
				"tags": [
					"user-tie",
					"user",
					"user-employee",
					"profile",
					"avatar",
					"person",
					"member",
					"job",
					"official"
				],
				"grid": 16
			},
			"attrs": [],
			"properties": {
				"id": 496,
				"order": 11,
				"prevSize": 32,
				"ligatures": "user-tie, user5",
				"name": "user-tie",
				"code": 58998
			},
			"setIdx": 0,
			"setId": 0,
			"iconIdx": 118
		},
		{
			"icon": {
				"paths": [
					"M960 256h-256v-64c0-35.2-28.8-64-64-64h-256c-35.204 0-64 28.8-64 64v64h-256c-35.2 0-64 28.8-64 64v576c0 35.202 28.796 64 64 64h896c35.2 0 64-28.798 64-64v-576c0-35.2-28.8-64-64-64zM384 192.116c0.034-0.040 0.074-0.082 0.114-0.116h255.772c0.042 0.034 0.082 0.076 0.118 0.116v63.884h-256.004v-63.884zM960 512h-128v96c0 17.602-14.4 32-32 32h-64c-17.604 0-32-14.398-32-32v-96h-384v96c0 17.602-14.4 32-32 32h-64c-17.602 0-32-14.398-32-32v-96h-128v-64h896v64z"
				],
				"attrs": [],
				"tags": [
					"briefcase",
					"portfolio",
					"suitcase",
					"work",
					"job",
					"employee"
				],
				"grid": 16
			},
			"attrs": [],
			"properties": {
				"id": 691,
				"order": 13,
				"prevSize": 32,
				"ligatures": "briefcase, portfolio",
				"name": "briefcase",
				"code": 59054
			},
			"setIdx": 0,
			"setId": 0,
			"iconIdx": 174
		},
		{
			"icon": {
				"paths": [
					"M512 0c-282.77 0-512 229.23-512 512s229.23 512 512 512 512-229.23 512-512-229.23-512-512-512zM512 960.002c-62.958 0-122.872-13.012-177.23-36.452l233.148-262.29c5.206-5.858 8.082-13.422 8.082-21.26v-96c0-17.674-14.326-32-32-32-112.99 0-232.204-117.462-233.374-118.626-6-6.002-14.14-9.374-22.626-9.374h-128c-17.672 0-32 14.328-32 32v192c0 12.122 6.848 23.202 17.69 28.622l110.31 55.156v187.886c-116.052-80.956-192-215.432-192-367.664 0-68.714 15.49-133.806 43.138-192h116.862c8.488 0 16.626-3.372 22.628-9.372l128-128c6-6.002 9.372-14.14 9.372-22.628v-77.412c40.562-12.074 83.518-18.588 128-18.588 70.406 0 137.004 16.26 196.282 45.2-4.144 3.502-8.176 7.164-12.046 11.036-36.266 36.264-56.236 84.478-56.236 135.764s19.97 99.5 56.236 135.764c36.434 36.432 85.218 56.264 135.634 56.26 3.166 0 6.342-0.080 9.518-0.236 13.814 51.802 38.752 186.656-8.404 372.334-0.444 1.744-0.696 3.488-0.842 5.224-81.324 83.080-194.7 134.656-320.142 134.656z"
				],
				"attrs": [],
				"tags": [
					"earth",
					"globe",
					"language",
					"web",
					"internet",
					"sphere",
					"planet"
				],
				"grid": 16
			},
			"attrs": [],
			"properties": {
				"order": 14,
				"id": 1423,
				"prevSize": 32,
				"ligatures": "earth, globe2",
				"name": "earth",
				"code": 59082
			},
			"setIdx": 0,
			"setId": 0,
			"iconIdx": 202
		},
		{
			"icon": {
				"paths": [
					"M874.040 149.96c-96.706-96.702-225.28-149.96-362.040-149.96s-265.334 53.258-362.040 149.96c-96.702 96.706-149.96 225.28-149.96 362.040s53.258 265.334 149.96 362.040c96.706 96.702 225.28 149.96 362.040 149.96s265.334-53.258 362.040-149.96c96.702-96.706 149.96-225.28 149.96-362.040s-53.258-265.334-149.96-362.040zM896 512c0 82.814-26.354 159.588-71.112 222.38l-535.266-535.268c62.792-44.758 139.564-71.112 222.378-71.112 211.738 0 384 172.262 384 384zM128 512c0-82.814 26.354-159.586 71.112-222.378l535.27 535.268c-62.794 44.756-139.568 71.11-222.382 71.11-211.738 0-384-172.262-384-384z"
				],
				"attrs": [],
				"tags": [
					"blocked",
					"forbidden",
					"denied",
					"banned"
				],
				"grid": 16
			},
			"attrs": [],
			"properties": {
				"id": 967,
				"order": 23,
				"prevSize": 32,
				"ligatures": "blocked, forbidden",
				"name": "blocked",
				"code": 59150
			},
			"setIdx": 0,
			"setId": 0,
			"iconIdx": 270
		},
		{
			"icon": {
				"paths": [
					"M1014.662 822.66c-0.004-0.004-0.008-0.008-0.012-0.010l-310.644-310.65 310.644-310.65c0.004-0.004 0.008-0.006 0.012-0.010 3.344-3.346 5.762-7.254 7.312-11.416 4.246-11.376 1.824-24.682-7.324-33.83l-146.746-146.746c-9.148-9.146-22.45-11.566-33.828-7.32-4.16 1.55-8.070 3.968-11.418 7.31 0 0.004-0.004 0.006-0.008 0.010l-310.648 310.652-310.648-310.65c-0.004-0.004-0.006-0.006-0.010-0.010-3.346-3.342-7.254-5.76-11.414-7.31-11.38-4.248-24.682-1.826-33.83 7.32l-146.748 146.748c-9.148 9.148-11.568 22.452-7.322 33.828 1.552 4.16 3.97 8.072 7.312 11.416 0.004 0.002 0.006 0.006 0.010 0.010l310.65 310.648-310.65 310.652c-0.002 0.004-0.006 0.006-0.008 0.010-3.342 3.346-5.76 7.254-7.314 11.414-4.248 11.376-1.826 24.682 7.322 33.83l146.748 146.746c9.15 9.148 22.452 11.568 33.83 7.322 4.16-1.552 8.070-3.97 11.416-7.312 0.002-0.004 0.006-0.006 0.010-0.010l310.648-310.65 310.648 310.65c0.004 0.002 0.008 0.006 0.012 0.008 3.348 3.344 7.254 5.762 11.414 7.314 11.378 4.246 24.684 1.826 33.828-7.322l146.746-146.748c9.148-9.148 11.57-22.454 7.324-33.83-1.552-4.16-3.97-8.068-7.314-11.414z"
				],
				"attrs": [],
				"tags": [
					"cross",
					"cancel",
					"close",
					"quit",
					"remove"
				],
				"grid": 16
			},
			"attrs": [],
			"properties": {
				"id": 975,
				"order": 22,
				"prevSize": 32,
				"ligatures": "cross, cancel",
				"name": "cross",
				"code": 59151
			},
			"setIdx": 0,
			"setId": 0,
			"iconIdx": 271
		}
	],
	"height": 1024,
	"metadata": {
		"name": "icomoon"
	},
	"preferences": {
		"showGlyphs": true,
		"showQuickUse": true,
		"showQuickUse2": true,
		"showSVGs": true,
		"fontPref": {
			"prefix": "icon-",
			"metadata": {
				"fontFamily": "icomoon",
				"majorVersion": 1,
				"minorVersion": 0
			},
			"metrics": {
				"emSize": 1024,
				"baseline": 6.25,
				"whitespace": 50
			},
			"autoHost": true,
			"resetPoint": 58880
		},
		"imagePref": {
			"prefix": "icon-",
			"png": true,
			"useClassSelector": true,
			"color": 4473924,
			"bgColor": 16777215
		},
		"historySize": 100,
		"showCodes": false,
		"quickUsageToken": {
			"UntitledProject": "ODE2MjIwNjIzNTRkNzM5NjBhZjViZGNlYTQzMDk4MGIjMSMxNDM2ODE0NzcwIyMj"
		},
		"fontHostingName": false,
		"gridSize": 16
	}
}